Split,n,mean,std,min,p25,median,p75,max
Train,10581.0,8.169832719024667,10.02849348265036,-22.0,0.0,6.0,12.0,81.0
Test,3527.0,8.131840090728664,10.453414664608804,-15.0,0.0,6.0,12.0,92.0
